{
  "name": "MotionCor 2",
  "developer": "Behdad Khoshbin",
  "copyright": "Copyright © 2024 Magellon",
  "absolutePath": "/magellon/motioncor2/",
  "legal": {
    "name": "MIT",
    "possibleMatches": ["MIT", "Apache", "GPL"],
    "text": "Magellon MotionCor 2 is licensed under the MIT License.\n\nMIT License Text...",
    "header": "MIT License Header..."
  },
  "endpointName": "execute_motioncor",
  "items": [
    {
      "name": "input_image_path",
      "type": "string",
      "is_optional": false,
      "description": "Path to the input image for MotionCor 2 processing."
    },
    {
      "name": "output_file_name",
      "type": "string",
      "is_optional": false,
      "description": "Name of the output file generated by MotionCor 2."
    }
  ]
}
