{"version":"0.14.2","content":{"nodes":[{"data":{"schemaId":"chainner:image:load","inputData":{},"id":"a584ff67-5490-4f53-864f-ca0ee06ebae2"},"id":"a584ff67-5490-4f53-864f-ca0ee06ebae2","position":{"x":240,"y":640},"type":"regularNode","selected":false,"height":488,"width":257,"zIndex":50},{"data":{"schemaId":"chainner:ncnn:load_model","inputData":{},"id":"d0790bd2-e99b-4954-80ab-0379d7445887"},"id":"d0790bd2-e99b-4954-80ab-0379d7445887","position":{"x":240,"y":272},"type":"regularNode","selected":false,"height":356,"width":257,"zIndex":50},{"data":{"schemaId":"chainner:ncnn:upscale_image","inputData":{"2":0},"id":"e49f32fa-685d-4ddb-be46-2f514a989de6"},"id":"e49f32fa-685d-4ddb-be46-2f514a989de6","position":{"x":592,"y":544},"type":"regularNode","selected":false,"height":292,"width":242,"zIndex":50}],"edges":[{"id":"096553cf-2f02-489d-ab6d-3e77bc83c5fd","sourceHandle":"a584ff67-5490-4f53-864f-ca0ee06ebae2-0","targetHandle":"e49f32fa-685d-4ddb-be46-2f514a989de6-1","source":"a584ff67-5490-4f53-864f-ca0ee06ebae2","target":"e49f32fa-685d-4ddb-be46-2f514a989de6","type":"main","animated":false,"data":{},"zIndex":49},{"id":"c5d9664b-5b63-4940-baad-47e291bc7e7c","sourceHandle":"d0790bd2-e99b-4954-80ab-0379d7445887-0","targetHandle":"e49f32fa-685d-4ddb-be46-2f514a989de6-0","source":"d0790bd2-e99b-4954-80ab-0379d7445887","target":"e49f32fa-685d-4ddb-be46-2f514a989de6","type":"main","animated":false,"data":{},"zIndex":49}],"viewport":{"x":171.15170467239648,"y":83.4643284881123,"zoom":0.8705505632961241}},"timestamp":"2022-11-19T06:27:23.745Z","checksum":"311b2dddd68cb36ce5ee63ee264c6b91","migration":21}