{"version":"0.14.2","content":{"nodes":[{"data":{"schemaId":"chainner:pytorch:load_model","inputData":{},"id":"11ded45c-9cc2-4ffb-979e-8d8c7f95289b"},"id":"11ded45c-9cc2-4ffb-979e-8d8c7f95289b","position":{"x":240,"y":272},"type":"regularNode","selected":false,"height":320,"width":257,"zIndex":50},{"data":{"schemaId":"chainner:image:load","inputData":{},"id":"a584ff67-5490-4f53-864f-ca0ee06ebae2"},"id":"a584ff67-5490-4f53-864f-ca0ee06ebae2","position":{"x":240,"y":640},"type":"regularNode","selected":false,"height":488,"width":257,"zIndex":50},{"data":{"schemaId":"chainner:pytorch:upscale_image","inputData":{"2":0},"id":"c21e5c81-31c1-4c19-8608-aa64a0683499"},"id":"c21e5c81-31c1-4c19-8608-aa64a0683499","position":{"x":592,"y":544},"type":"regularNode","selected":false,"height":292,"width":242,"zIndex":50}],"edges":[{"id":"4815dca2-23d6-433d-8503-5ba4d885cb54","sourceHandle":"a584ff67-5490-4f53-864f-ca0ee06ebae2-0","targetHandle":"c21e5c81-31c1-4c19-8608-aa64a0683499-1","source":"a584ff67-5490-4f53-864f-ca0ee06ebae2","target":"c21e5c81-31c1-4c19-8608-aa64a0683499","type":"main","animated":false,"data":{},"zIndex":49},{"id":"e4a4908e-e6de-4f05-b39d-c634e2671f13","sourceHandle":"11ded45c-9cc2-4ffb-979e-8d8c7f95289b-0","targetHandle":"c21e5c81-31c1-4c19-8608-aa64a0683499-0","source":"11ded45c-9cc2-4ffb-979e-8d8c7f95289b","target":"c21e5c81-31c1-4c19-8608-aa64a0683499","type":"main","animated":false,"data":{},"zIndex":49}],"viewport":{"x":169.15170467239648,"y":83.4643284881123,"zoom":0.8705505632961241}},"timestamp":"2022-11-19T06:26:51.300Z","checksum":"b937d880eef33c443a9a29bf3ca316b1","migration":21}