{"version":"0.13.0","content":{"nodes":[{"data":{"schemaId":"chainner:pytorch:upscale_image","inputData":{"2":0},"id":"3463f999-c61c-4a60-beca-c201078545b0","parentNode":"60a6e37d-f992-45f7-a1b2-7d0abbe4c009"},"id":"3463f999-c61c-4a60-beca-c201078545b0","position":{"x":672,"y":176},"type":"regularNode","selected":false,"height":294,"width":242,"zIndex":52,"parentNode":"60a6e37d-f992-45f7-a1b2-7d0abbe4c009"},{"data":{"schemaId":"chainner:image:file_iterator","inputData":{},"id":"60a6e37d-f992-45f7-a1b2-7d0abbe4c009","iteratorSize":{"offsetTop":157,"offsetLeft":9,"width":1280,"height":720}},"id":"60a6e37d-f992-45f7-a1b2-7d0abbe4c009","position":{"x":16,"y":160},"type":"iterator","selected":false,"height":902,"width":1298,"zIndex":50},{"data":{"schemaId":"chainner:image:file_iterator_load","inputData":{},"id":"8858d9e0-e0ab-40d5-a399-dc8e7d7b2e3b","parentNode":"60a6e37d-f992-45f7-a1b2-7d0abbe4c009"},"id":"8858d9e0-e0ab-40d5-a399-dc8e7d7b2e3b","position":{"x":32,"y":176},"type":"iteratorHelper","selected":false,"height":338,"width":264,"zIndex":52,"parentNode":"60a6e37d-f992-45f7-a1b2-7d0abbe4c009"},{"data":{"schemaId":"chainner:pytorch:load_model","inputData":{},"id":"8a37bbb5-1a85-449b-9e09-c47988a4b24f"},"id":"8a37bbb5-1a85-449b-9e09-c47988a4b24f","position":{"x":-304,"y":800},"type":"regularNode","selected":false,"height":320,"width":257,"zIndex":58},{"data":{"schemaId":"chainner:utility:text_append","inputData":{"0":"-"},"id":"9d4ee3c3-b2f6-4268-98da-226dec962e3f","parentNode":"60a6e37d-f992-45f7-a1b2-7d0abbe4c009"},"id":"9d4ee3c3-b2f6-4268-98da-226dec962e3f","position":{"x":368,"y":176},"type":"regularNode","selected":false,"height":518,"width":242,"zIndex":52,"parentNode":"60a6e37d-f992-45f7-a1b2-7d0abbe4c009"},{"data":{"schemaId":"chainner:image:save","inputData":{"4":"png","5":95},"id":"efb9b1c3-9d28-40b6-a1c0-58b5d01064f7","parentNode":"60a6e37d-f992-45f7-a1b2-7d0abbe4c009"},"id":"efb9b1c3-9d28-40b6-a1c0-58b5d01064f7","position":{"x":992,"y":176},"type":"regularNode","selected":false,"height":484,"width":265,"zIndex":52,"parentNode":"60a6e37d-f992-45f7-a1b2-7d0abbe4c009"}],"edges":[{"id":"16f2281d-c00b-4540-be3b-9843dd153890","sourceHandle":"8858d9e0-e0ab-40d5-a399-dc8e7d7b2e3b-0","targetHandle":"3463f999-c61c-4a60-beca-c201078545b0-1","source":"8858d9e0-e0ab-40d5-a399-dc8e7d7b2e3b","target":"3463f999-c61c-4a60-beca-c201078545b0","type":"main","animated":false,"data":{},"zIndex":51},{"id":"27401828-ef13-4d8e-afd1-9cee34d5c930","sourceHandle":"8858d9e0-e0ab-40d5-a399-dc8e7d7b2e3b-3","targetHandle":"9d4ee3c3-b2f6-4268-98da-226dec962e3f-1","source":"8858d9e0-e0ab-40d5-a399-dc8e7d7b2e3b","target":"9d4ee3c3-b2f6-4268-98da-226dec962e3f","type":"main","animated":false,"data":{},"zIndex":51},{"id":"74cbc1b2-7822-4615-bae8-fcaf849d58eb","sourceHandle":"9d4ee3c3-b2f6-4268-98da-226dec962e3f-0","targetHandle":"efb9b1c3-9d28-40b6-a1c0-58b5d01064f7-3","source":"9d4ee3c3-b2f6-4268-98da-226dec962e3f","target":"efb9b1c3-9d28-40b6-a1c0-58b5d01064f7","type":"main","animated":false,"data":{},"zIndex":51},{"id":"7ddaced0-9a61-4f4c-916f-b7d54358ef2b","sourceHandle":"8858d9e0-e0ab-40d5-a399-dc8e7d7b2e3b-2","targetHandle":"efb9b1c3-9d28-40b6-a1c0-58b5d01064f7-2","source":"8858d9e0-e0ab-40d5-a399-dc8e7d7b2e3b","target":"efb9b1c3-9d28-40b6-a1c0-58b5d01064f7","type":"main","animated":false,"data":{},"zIndex":51},{"id":"a41a26af-ad46-400a-b063-b3992605d313","sourceHandle":"3463f999-c61c-4a60-beca-c201078545b0-0","targetHandle":"efb9b1c3-9d28-40b6-a1c0-58b5d01064f7-0","source":"3463f999-c61c-4a60-beca-c201078545b0","target":"efb9b1c3-9d28-40b6-a1c0-58b5d01064f7","type":"main","animated":false,"data":{},"zIndex":51},{"id":"e86d80c3-310f-4021-af58-bebcbb7a3e25","sourceHandle":"8a37bbb5-1a85-449b-9e09-c47988a4b24f-0","targetHandle":"3463f999-c61c-4a60-beca-c201078545b0-0","source":"8a37bbb5-1a85-449b-9e09-c47988a4b24f","target":"3463f999-c61c-4a60-beca-c201078545b0","type":"main","animated":false,"data":{},"zIndex":57},{"id":"f275bbdd-4114-4cf7-b05f-6a424d92a054","sourceHandle":"8a37bbb5-1a85-449b-9e09-c47988a4b24f-1","targetHandle":"9d4ee3c3-b2f6-4268-98da-226dec962e3f-2","source":"8a37bbb5-1a85-449b-9e09-c47988a4b24f","target":"9d4ee3c3-b2f6-4268-98da-226dec962e3f","type":"main","animated":false,"data":{},"zIndex":57}],"viewport":{"x":261.13740374610654,"y":174.53299075747577,"zoom":0.7578582832551993}},"timestamp":"2022-10-24T22:16:10.254Z","checksum":"1cab026b64c23b65e060e675b496f4b8","migration":19}