{"version":"0.13.0","content":{"nodes":[{"data":{"schemaId":"chainner:pytorch:load_model","inputData":{},"id":"104acca2-c89f-5bd8-b60a-217125e24ab3"},"id":"104acca2-c89f-5bd8-b60a-217125e24ab3","position":{"x":864,"y":-224},"type":"regularNode","selected":false,"height":320,"width":257,"zIndex":50},{"data":{"schemaId":"chainner:utility:pass_through","inputData":{},"id":"15b7d431-8076-4cb8-a2fc-51c3b6744058"},"id":"15b7d431-8076-4cb8-a2fc-51c3b6744058","position":{"x":-32,"y":128},"type":"regularNode","selected":false,"height":176,"width":242,"zIndex":50},{"data":{"schemaId":"chainner:pytorch:load_model","inputData":{},"id":"39cc5dd2-20f9-513e-8b06-82804f59f5b2"},"id":"39cc5dd2-20f9-513e-8b06-82804f59f5b2","position":{"x":560,"y":-224},"type":"regularNode","selected":false,"height":320,"width":257,"zIndex":50},{"data":{"schemaId":"chainner:pytorch:upscale_image","inputData":{"2":0},"id":"43937ad4-b95d-5a7b-9651-1e19b00af849"},"id":"43937ad4-b95d-5a7b-9651-1e19b00af849","position":{"x":560,"y":128},"type":"regularNode","selected":false,"height":292,"width":242,"zIndex":50},{"data":{"schemaId":"chainner:pytorch:load_model","inputData":{},"id":"4b161699-c28d-4f39-a295-8507e0572a57"},"id":"4b161699-c28d-4f39-a295-8507e0572a57","position":{"x":256,"y":-224},"type":"regularNode","selected":false,"height":320,"width":257,"zIndex":50},{"data":{"schemaId":"chainner:image:caption","inputData":{"1":"Original","2":42,"3":"bottom"},"id":"74fdcf4e-dbbf-58d3-b793-127407b085d2"},"id":"74fdcf4e-dbbf-58d3-b793-127407b085d2","position":{"x":-48,"y":448},"type":"regularNode","selected":false,"height":404,"width":283,"zIndex":50},{"data":{"schemaId":"chainner:image:caption","inputData":{"2":42,"3":"bottom"},"id":"78c357a6-7af8-434d-aaac-b1c9c68c8ee0"},"id":"78c357a6-7af8-434d-aaac-b1c9c68c8ee0","position":{"x":256,"y":448},"type":"regularNode","selected":false,"height":404,"width":283,"zIndex":50},{"data":{"schemaId":"chainner:pytorch:upscale_image","inputData":{"2":0},"id":"7a5c4070-7c9f-5915-9ae0-cd8aecd899c7"},"id":"7a5c4070-7c9f-5915-9ae0-cd8aecd899c7","position":{"x":864,"y":128},"type":"regularNode","selected":false,"height":292,"width":242,"zIndex":50},{"data":{"schemaId":"chainner:image:caption","inputData":{"2":42,"3":"bottom"},"id":"a81295cd-d212-575f-ad6a-24574097305b"},"id":"a81295cd-d212-575f-ad6a-24574097305b","position":{"x":864,"y":448},"type":"regularNode","selected":false,"height":404,"width":283,"zIndex":50},{"data":{"schemaId":"chainner:image:caption","inputData":{"2":42,"3":"bottom"},"id":"bbcb85a3-515f-5924-ba04-4e0d95cbb816"},"id":"bbcb85a3-515f-5924-ba04-4e0d95cbb816","position":{"x":560,"y":448},"type":"regularNode","selected":false,"height":404,"width":283,"zIndex":50},{"data":{"schemaId":"chainner:pytorch:upscale_image","inputData":{"2":0},"id":"c4009f75-f371-483f-87a0-9ff9170bd9bc"},"id":"c4009f75-f371-483f-87a0-9ff9170bd9bc","position":{"x":256,"y":128},"type":"regularNode","selected":false,"height":292,"width":242,"zIndex":50},{"data":{"schemaId":"chainner:image:stack","inputData":{"4":"horizontal"},"id":"f5de6974-82f4-4dec-9e37-967b3f9ee64a"},"id":"f5de6974-82f4-4dec-9e37-967b3f9ee64a","position":{"x":1168,"y":448},"type":"regularNode","selected":false,"height":372,"width":242,"zIndex":50}],"edges":[{"id":"01144ba5-3bf7-4455-a70d-527ff5708aa1","sourceHandle":"7a5c4070-7c9f-5915-9ae0-cd8aecd899c7-0","targetHandle":"a81295cd-d212-575f-ad6a-24574097305b-0","source":"7a5c4070-7c9f-5915-9ae0-cd8aecd899c7","target":"a81295cd-d212-575f-ad6a-24574097305b","type":"main","animated":false,"data":{},"selected":false,"zIndex":49},{"id":"138ac8a6-5ef0-40d9-b56a-dd5b47ccec96","sourceHandle":"104acca2-c89f-5bd8-b60a-217125e24ab3-1","targetHandle":"a81295cd-d212-575f-ad6a-24574097305b-1","source":"104acca2-c89f-5bd8-b60a-217125e24ab3","target":"a81295cd-d212-575f-ad6a-24574097305b","type":"main","animated":false,"data":{},"selected":false,"zIndex":49},{"id":"3791a557-acc5-4901-b38c-5db72d4c782d","sourceHandle":"15b7d431-8076-4cb8-a2fc-51c3b6744058-0","targetHandle":"7a5c4070-7c9f-5915-9ae0-cd8aecd899c7-1","source":"15b7d431-8076-4cb8-a2fc-51c3b6744058","target":"7a5c4070-7c9f-5915-9ae0-cd8aecd899c7","type":"main","animated":false,"data":{},"zIndex":49},{"id":"4619ee70-cc03-40bb-8e39-0072246c0d14","sourceHandle":"a81295cd-d212-575f-ad6a-24574097305b-0","targetHandle":"f5de6974-82f4-4dec-9e37-967b3f9ee64a-3","source":"a81295cd-d212-575f-ad6a-24574097305b","target":"f5de6974-82f4-4dec-9e37-967b3f9ee64a","type":"main","animated":false,"data":{},"selected":false,"zIndex":49},{"id":"51523136-e0d1-41c0-a488-b95f69d22678","sourceHandle":"bbcb85a3-515f-5924-ba04-4e0d95cbb816-0","targetHandle":"f5de6974-82f4-4dec-9e37-967b3f9ee64a-2","source":"bbcb85a3-515f-5924-ba04-4e0d95cbb816","target":"f5de6974-82f4-4dec-9e37-967b3f9ee64a","type":"main","animated":false,"data":{},"selected":false,"zIndex":49},{"id":"5ff8f30f-c655-4d72-9602-1b3ae3ccc014","sourceHandle":"15b7d431-8076-4cb8-a2fc-51c3b6744058-0","targetHandle":"43937ad4-b95d-5a7b-9651-1e19b00af849-1","source":"15b7d431-8076-4cb8-a2fc-51c3b6744058","target":"43937ad4-b95d-5a7b-9651-1e19b00af849","type":"main","animated":false,"data":{},"zIndex":49},{"id":"67e80d45-2ebd-487f-9e31-fa330f89637f","sourceHandle":"15b7d431-8076-4cb8-a2fc-51c3b6744058-0","targetHandle":"74fdcf4e-dbbf-58d3-b793-127407b085d2-0","source":"15b7d431-8076-4cb8-a2fc-51c3b6744058","target":"74fdcf4e-dbbf-58d3-b793-127407b085d2","type":"main","animated":false,"data":{},"zIndex":49},{"id":"75c5e66a-f60f-4d92-975f-4289c0eb3f82","sourceHandle":"39cc5dd2-20f9-513e-8b06-82804f59f5b2-1","targetHandle":"bbcb85a3-515f-5924-ba04-4e0d95cbb816-1","source":"39cc5dd2-20f9-513e-8b06-82804f59f5b2","target":"bbcb85a3-515f-5924-ba04-4e0d95cbb816","type":"main","animated":false,"data":{},"selected":false,"zIndex":49},{"id":"a0e789e9-6208-4bc5-a0f5-7290b34bd27f","sourceHandle":"15b7d431-8076-4cb8-a2fc-51c3b6744058-0","targetHandle":"c4009f75-f371-483f-87a0-9ff9170bd9bc-1","source":"15b7d431-8076-4cb8-a2fc-51c3b6744058","target":"c4009f75-f371-483f-87a0-9ff9170bd9bc","type":"main","animated":false,"data":{},"zIndex":49},{"id":"da62e66b-af7d-44e9-9d57-bbcddc3cbbd6","sourceHandle":"43937ad4-b95d-5a7b-9651-1e19b00af849-0","targetHandle":"bbcb85a3-515f-5924-ba04-4e0d95cbb816-0","source":"43937ad4-b95d-5a7b-9651-1e19b00af849","target":"bbcb85a3-515f-5924-ba04-4e0d95cbb816","type":"main","animated":false,"data":{},"selected":false,"zIndex":49},{"id":"e2e6649a-a8d9-4916-90b5-e756087ca7c1","sourceHandle":"78c357a6-7af8-434d-aaac-b1c9c68c8ee0-0","targetHandle":"f5de6974-82f4-4dec-9e37-967b3f9ee64a-1","source":"78c357a6-7af8-434d-aaac-b1c9c68c8ee0","target":"f5de6974-82f4-4dec-9e37-967b3f9ee64a","type":"main","animated":false,"data":{},"selected":false,"zIndex":49},{"id":"e5e5c403-bb23-4798-be25-bd12ba73cfea","sourceHandle":"c4009f75-f371-483f-87a0-9ff9170bd9bc-0","targetHandle":"78c357a6-7af8-434d-aaac-b1c9c68c8ee0-0","source":"c4009f75-f371-483f-87a0-9ff9170bd9bc","target":"78c357a6-7af8-434d-aaac-b1c9c68c8ee0","type":"main","animated":false,"data":{},"selected":false,"zIndex":49},{"id":"f4515793-936e-422d-9741-b3f1fadd67ed","sourceHandle":"4b161699-c28d-4f39-a295-8507e0572a57-1","targetHandle":"78c357a6-7af8-434d-aaac-b1c9c68c8ee0-1","source":"4b161699-c28d-4f39-a295-8507e0572a57","target":"78c357a6-7af8-434d-aaac-b1c9c68c8ee0","type":"main","animated":false,"data":{},"selected":false,"zIndex":49},{"id":"f80db10e-83d4-4fd1-9284-26baa03f6a9f","sourceHandle":"74fdcf4e-dbbf-58d3-b793-127407b085d2-0","targetHandle":"f5de6974-82f4-4dec-9e37-967b3f9ee64a-0","source":"74fdcf4e-dbbf-58d3-b793-127407b085d2","target":"f5de6974-82f4-4dec-9e37-967b3f9ee64a","type":"main","animated":false,"data":{},"zIndex":49}],"viewport":{"x":255.82656433442588,"y":384.39065793001345,"zoom":0.7578582832551991}},"timestamp":"2022-10-24T23:24:18.837Z","checksum":"caaaa4febceed56644e9ef9a453084b9","migration":19}