{"version":"0.13.0","content":{"nodes":[{"data":{"schemaId":"chainner:utility:text_append","inputData":{"0":"-"},"id":"0b92c57a-67db-4698-833c-4b67cab4a550"},"id":"0b92c57a-67db-4698-833c-4b67cab4a550","position":{"x":496,"y":128},"type":"regularNode","selected":false,"height":516,"width":242,"zIndex":50},{"data":{"schemaId":"chainner:pytorch:upscale_image","inputData":{"2":0},"id":"2750d4f0-dfc7-4198-a6fa-cb98b37a71ac"},"id":"2750d4f0-dfc7-4198-a6fa-cb98b37a71ac","position":{"x":496,"y":672},"type":"regularNode","selected":false,"height":292,"width":242,"zIndex":50},{"data":{"schemaId":"chainner:image:caption","inputData":{"2":42,"3":"bottom"},"id":"5ffb134e-06be-4973-a906-3e38ab06451d"},"id":"5ffb134e-06be-4973-a906-3e38ab06451d","position":{"x":784,"y":128},"type":"regularNode","selected":false,"height":404,"width":283,"zIndex":50},{"data":{"schemaId":"chainner:image:load","inputData":{},"id":"6f113f0a-a451-4b86-87f6-3cb65c7b2d44"},"id":"6f113f0a-a451-4b86-87f6-3cb65c7b2d44","position":{"x":192,"y":128},"type":"regularNode","selected":false,"height":488,"width":257,"zIndex":50},{"data":{"schemaId":"chainner:pytorch:load_model","inputData":{},"id":"cebee85d-0477-4e8f-9ee5-c4c63b1dfd68"},"id":"cebee85d-0477-4e8f-9ee5-c4c63b1dfd68","position":{"x":192,"y":672},"type":"regularNode","selected":false,"height":320,"width":257,"zIndex":50}],"edges":[{"id":"626c5246-e9c9-4deb-8b1d-db9ed52670f1","sourceHandle":"6f113f0a-a451-4b86-87f6-3cb65c7b2d44-0","targetHandle":"2750d4f0-dfc7-4198-a6fa-cb98b37a71ac-1","source":"6f113f0a-a451-4b86-87f6-3cb65c7b2d44","target":"2750d4f0-dfc7-4198-a6fa-cb98b37a71ac","type":"main","animated":false,"data":{},"zIndex":49},{"id":"874ee162-5e3d-4c4e-86fd-c14b7f28ebbc","sourceHandle":"0b92c57a-67db-4698-833c-4b67cab4a550-0","targetHandle":"5ffb134e-06be-4973-a906-3e38ab06451d-1","source":"0b92c57a-67db-4698-833c-4b67cab4a550","target":"5ffb134e-06be-4973-a906-3e38ab06451d","type":"main","animated":false,"data":{},"zIndex":49},{"id":"b6d80b83-fe9c-493e-aa13-06ffd4e016e1","sourceHandle":"6f113f0a-a451-4b86-87f6-3cb65c7b2d44-2","targetHandle":"0b92c57a-67db-4698-833c-4b67cab4a550-1","source":"6f113f0a-a451-4b86-87f6-3cb65c7b2d44","target":"0b92c57a-67db-4698-833c-4b67cab4a550","type":"main","animated":false,"data":{},"zIndex":49},{"id":"e01420db-d695-4cc2-a327-827a42cf9663","sourceHandle":"cebee85d-0477-4e8f-9ee5-c4c63b1dfd68-0","targetHandle":"2750d4f0-dfc7-4198-a6fa-cb98b37a71ac-0","source":"cebee85d-0477-4e8f-9ee5-c4c63b1dfd68","target":"2750d4f0-dfc7-4198-a6fa-cb98b37a71ac","type":"main","animated":false,"data":{},"zIndex":49},{"id":"edafaa49-2ac3-48bb-86c0-9499490683f9","sourceHandle":"2750d4f0-dfc7-4198-a6fa-cb98b37a71ac-0","targetHandle":"5ffb134e-06be-4973-a906-3e38ab06451d-0","source":"2750d4f0-dfc7-4198-a6fa-cb98b37a71ac","target":"5ffb134e-06be-4973-a906-3e38ab06451d","type":"main","animated":false,"data":{},"zIndex":49},{"id":"eeb6d67a-a1ec-475a-9ba3-0e678be070d4","sourceHandle":"cebee85d-0477-4e8f-9ee5-c4c63b1dfd68-1","targetHandle":"0b92c57a-67db-4698-833c-4b67cab4a550-2","source":"cebee85d-0477-4e8f-9ee5-c4c63b1dfd68","target":"0b92c57a-67db-4698-833c-4b67cab4a550","type":"main","animated":false,"data":{},"zIndex":49}],"viewport":{"x":261.13740374610654,"y":175.53299075747577,"zoom":0.7578582832551993}},"timestamp":"2022-10-24T22:14:08.309Z","checksum":"8558e56eabf5daf516363595bce1cd16","migration":19}