{"version":"0.14.2","content":{"nodes":[{"data":{"schemaId":"chainner:onnx:load_model","inputData":{},"id":"78096ec7-bd13-40d1-bead-9de09f71d1b9"},"id":"78096ec7-bd13-40d1-bead-9de09f71d1b9","position":{"x":240,"y":272},"type":"regularNode","selected":false,"height":292,"width":257,"zIndex":50},{"data":{"schemaId":"chainner:image:load","inputData":{},"id":"a584ff67-5490-4f53-864f-ca0ee06ebae2"},"id":"a584ff67-5490-4f53-864f-ca0ee06ebae2","position":{"x":240,"y":640},"type":"regularNode","selected":false,"height":488,"width":257,"zIndex":50},{"data":{"schemaId":"chainner:onnx:upscale_image","inputData":{"2":-2},"id":"ade96d47-a403-4264-b82b-7c02cf15d4d8"},"id":"ade96d47-a403-4264-b82b-7c02cf15d4d8","position":{"x":592,"y":544},"type":"regularNode","selected":false,"height":292,"width":242,"zIndex":50}],"edges":[{"id":"be19c93a-fa46-4d43-b1cb-52e31b8731d1","sourceHandle":"78096ec7-bd13-40d1-bead-9de09f71d1b9-0","targetHandle":"ade96d47-a403-4264-b82b-7c02cf15d4d8-0","source":"78096ec7-bd13-40d1-bead-9de09f71d1b9","target":"ade96d47-a403-4264-b82b-7c02cf15d4d8","type":"main","animated":false,"data":{},"zIndex":49},{"id":"fc18c467-396a-4859-b499-fabf7c035530","sourceHandle":"a584ff67-5490-4f53-864f-ca0ee06ebae2-0","targetHandle":"ade96d47-a403-4264-b82b-7c02cf15d4d8-1","source":"a584ff67-5490-4f53-864f-ca0ee06ebae2","target":"ade96d47-a403-4264-b82b-7c02cf15d4d8","type":"main","animated":false,"data":{},"zIndex":49}],"viewport":{"x":171.15170467239648,"y":83.4643284881123,"zoom":0.8705505632961241}},"timestamp":"2022-11-19T06:27:47.279Z","checksum":"bf5a8c205258c156806866a08cacc5a7","migration":21}