{"version":"0.13.0","content":{"nodes":[{"data":{"schemaId":"chainner:pytorch:upscale_image","inputData":{"2":0},"id":"2750d4f0-dfc7-4198-a6fa-cb98b37a71ac"},"id":"2750d4f0-dfc7-4198-a6fa-cb98b37a71ac","position":{"x":576,"y":288},"type":"regularNode","selected":false,"height":292,"width":242,"zIndex":50},{"data":{"schemaId":"chainner:image:merge_transparency","inputData":{},"id":"412c72d4-53a1-4a7f-8e5d-ed1381db9219"},"id":"412c72d4-53a1-4a7f-8e5d-ed1381db9219","position":{"x":880,"y":496},"type":"regularNode","selected":false,"height":216,"width":257,"zIndex":50},{"data":{"schemaId":"chainner:pytorch:upscale_image","inputData":{"2":0},"id":"6cebdfc1-0980-5362-8983-931a0e41e0cb"},"id":"6cebdfc1-0980-5362-8983-931a0e41e0cb","position":{"x":576,"y":624},"type":"regularNode","selected":false,"height":292,"width":242,"zIndex":50},{"data":{"schemaId":"chainner:image:split_transparency","inputData":{},"id":"afccc964-c0dc-4b29-b55e-ec51fbbedb09"},"id":"afccc964-c0dc-4b29-b55e-ec51fbbedb09","position":{"x":256,"y":496},"type":"regularNode","selected":false,"height":216,"width":244,"zIndex":50}],"edges":[{"id":"409b60e3-6e1c-4f42-883a-96399c6d4c7a","sourceHandle":"afccc964-c0dc-4b29-b55e-ec51fbbedb09-1","targetHandle":"6cebdfc1-0980-5362-8983-931a0e41e0cb-1","source":"afccc964-c0dc-4b29-b55e-ec51fbbedb09","target":"6cebdfc1-0980-5362-8983-931a0e41e0cb","type":"main","animated":false,"data":{},"zIndex":49},{"id":"9365bbbd-bb9d-4b16-9fed-4b2440b6e7a7","sourceHandle":"2750d4f0-dfc7-4198-a6fa-cb98b37a71ac-0","targetHandle":"412c72d4-53a1-4a7f-8e5d-ed1381db9219-0","source":"2750d4f0-dfc7-4198-a6fa-cb98b37a71ac","target":"412c72d4-53a1-4a7f-8e5d-ed1381db9219","type":"main","animated":false,"data":{},"zIndex":49},{"id":"9ee9cb2a-4108-4319-8f49-81b377bd6487","sourceHandle":"6cebdfc1-0980-5362-8983-931a0e41e0cb-0","targetHandle":"412c72d4-53a1-4a7f-8e5d-ed1381db9219-1","source":"6cebdfc1-0980-5362-8983-931a0e41e0cb","target":"412c72d4-53a1-4a7f-8e5d-ed1381db9219","type":"main","animated":false,"data":{},"zIndex":49},{"id":"9f7cf638-6be2-455a-8cfc-563cdc6ba7fc","sourceHandle":"afccc964-c0dc-4b29-b55e-ec51fbbedb09-0","targetHandle":"2750d4f0-dfc7-4198-a6fa-cb98b37a71ac-1","source":"afccc964-c0dc-4b29-b55e-ec51fbbedb09","target":"2750d4f0-dfc7-4198-a6fa-cb98b37a71ac","type":"main","animated":false,"data":{},"selected":false,"zIndex":49}],"viewport":{"x":69.015750346078,"y":-4.12588974592245,"zoom":1.0000000000000004}},"timestamp":"2022-10-24T22:10:45.285Z","checksum":"03f7c4531d5416001a3c774d480940ed","migration":19}